{
  "all_pairs": {
    "djs": {
      "hz": 34.86372174104602,
      "rme": 1.0904681357925412,
      "samples": 61
    },
    "mobx": {
      "hz": 23.064019113060386,
      "rme": 1.9886498344901982,
      "samples": 42
    }
  },
  "fan_out": {
    "djs": {
      "hz": 12.067417698355044,
      "rme": 2.6565938601197088,
      "samples": 34
    },
    "mobx": {
      "hz": 5.296922758697088,
      "rme": 5.84974461335033,
      "samples": 18
    }
  },
  "many_atoms": {
    "djs": {
      "hz": 40.87971813995556,
      "rme": 0.31684718377401305,
      "samples": 54
    },
    "mobx": {
      "hz": 29.699109898203826,
      "rme": 0.9903556627572077,
      "samples": 53
    }
  },
  "single_atom": {
    "djs": {
      "hz": 52.77087372714677,
      "rme": 0.6785154652605365,
      "samples": 68
    },
    "mobx": {
      "hz": 7.701093778872936,
      "rme": 1.0437677219133192,
      "samples": 24
    }
  },
  "waterfall": {
    "djs": {
      "hz": 21.98705720883873,
      "rme": 3.898831786977159,
      "samples": 40
    },
    "mobx": {
      "hz": 8.012759373797167,
      "rme": 3.0966617682915807,
      "samples": 24
    }
  }
}